name,catalog_name,produced_from,produced_to,hex
Blue (Cobalt),Cobalt,1936,1951,#13294B
Green (Light),Light Green,1936,1951,#27654A
Old Ivory,Ivory,1936,1951,#F2EFDE
Red,,1936,1943,#D2042D
Yellow,,1936,1969,#DAAC49
Turquoise,,1937,1969,#56B1BD
Chartreuse,,1951,1959,#BCCC6A
Forest Green,,1951,1959,#316E15
Gray,,1951,1959,#C4CFDC
Rose,,1951,1959,#E5908D
Medium Green,,1959,1969,#4E9F51
Red,Red (Orange Red),1959,1972,#D2042D
Antique Gold,,1969,1972,#FAC752
Turf Green,,1969,1972,#7F843C
Apricot,,1986,1998,#EBBCA2
Black,,1986,2014,#000000
White,,1986,,#FFFFFF
Cobalt,,1987,2021,#13294B
Rose,,1987,2005,#E5908D
Yellow,,1987,2002,#EAD881
Turquoise,,1988,,#56B1BD
Periwinkle Blue,Periwinkle,1989,2006,#7FB1D7
Sea Mist Green,Sea Mist,1991,2005,#9ADFC1
Lilac,,1993,1995,#7F68A1
Persimmon,,1995,2008,#EC7B5F
Sapphire,,1996,1997,#1F44B2
Chartreuse,,1997,1999,#A1D63D
Raspberry,,1997,1997,#892A33
Pearl Gray,,1999,2001,#C9CECF
Cinnabar,,2000,2010,#5F1111
Juniper,,2000,2001,#2C6672
Plum,,2001,2015,#351D54
Sunflower,,2001,2026,#F8DA6D
Shamrock,,2002,2021,#49AB07
Tangerine,,2003,2017,#F37B39
Scarlet,,2004,,#CF2C20
Peacock,,2005,2014,#3792D7
Heather,,2006,2008,#62374E
Evergreen,,2007,2010,#0B4041
Chocolate,,2008,2011,#481C0A
Ivory,,2008,2024,#F2E7C0
Marigold,,2008,2012,#F8AB03
Lemongrass,,2009,2024,#CDE651
Paprika,,2010,2016,#A14121
Flamingo,,2012,2013,#E37468
Lapis,,2013,,#2B64A1
Poppy,,2014,,#F24B21
Sage,,2015,2018,#4B5320
Slate,,2015,2022,#2F2F2F
Claret,,2016,2017,#5C2432
Foundry,,2016,,#111111
Daffodil,,2017,,#F7C308
Mulberry,,2018,2024,#381943
Meadow,,2019,,#5B9565
Butterscotch,,2020,2024,#F98300
Twilight,,2021,2026,#120F71
Peony,,2022,,#D57C74
Jade,,2023,,#1D4729
Sky,,2024,,#B4D6DF
Linen,,2025,,#EBE4D2
Lavender,,2026,,#9694B8
